{"cameraMode":{"drawMode":0,"name":"Shaded","section":"Shading Mode"},"sceneLighting":true,"audioPlay":false,"sceneViewState":{"showFog":true,"showMaterialUpdate":false,"showSkybox":true,"showFlares":true,"showImageEffects":true,"showParticleSystems":true},"in2DMode":false,"pivot":{"x":20.18216323852539,"y":-0.3556011915206909,"z":19.36665153503418},"rotation":{"x":-0.1963142454624176,"y":0.5491542816162109,"z":-0.13456608355045319,"w":-0.8011288642883301},"size":1.4974761009216309,"orthographic":false}