{"cameraMode":{"drawMode":0,"name":"Shaded","section":"Shading Mode"},"sceneLighting":false,"audioPlay":false,"sceneViewState":{"showFog":true,"showMaterialUpdate":false,"showSkybox":true,"showFlares":true,"showImageEffects":true,"showParticleSystems":true},"in2DMode":false,"pivot":{"x":630.5839233398438,"y":348.0660400390625,"z":12.593017578125},"rotation":{"x":0.09424532949924469,"y":-0.04896385222673416,"z":0.004640970379114151,"w":0.9943355321884155},"size":432.7188415527344,"orthographic":false}